GHG_Grouped,parent,IPCC_Code,child,1990,1991,1992,1993,1994,1995,1996,1997,1998,1999,2000,2001,2002,2003,2004,2005,2006,2007,2008,2009,2010,2011,2012,2013,2014,2015,2016,value
Carbon,Agriculture,1A4ci,Agriculture - stationary combustion,0.5805040048,0.6198189557,0.6664291367,0.6865280275,0.7477274958,0.713628495,0.7452726717,0.5789738145,0.4783807667,0.5672672562,0.3682903837,0.5191459463,0.4973865533,0.4956803863,0.5101025603,0.4934193895,0.4538651157,0.4475947224,0.3501287753,0.2963375844,0.2909820636,0.3033946812,0.2629698014,0.2487139396,0.2488473149,0.2348447079,0.2691032298,0.2909986069
Carbon,Agriculture,1A4cii,Agriculture - mobile machinery,4.548346411,4.548346411,4.548346411,4.548346411,4.548346411,4.548346411,4.590379947,4.643219992,4.558484219,4.468441852,4.337301062,4.262904802,4.249095481,4.215217001,4.047188976,4.035537027,3.837407881,3.646926094,3.557020578,3.637262713,3.662268294,3.708950248,3.821535491,3.77584542,3.808022395,3.967694436,3.973177803,3.990725327
Carbon,Agriculture,2D1,Agricultural engines,0.01131697196,0.008742878835,0.01013848109,0.01320196133,0.01373551028,0.01370208088,0.01078902344,0.009693257655,0.008622069399,0.008659223226,0.006075119594,0.005733326023,0.005987598216,0.008894698749,0.008570016217,0.002461017643,0.002712510416,0.002424222481,0.001084637735,0.001059453823,0.001760479492,0.001506356462,0.0007380368673,0.0008418962075,0.0005885267001,0.0004497791271,0.0003829523119,0.000421878438
Carbon,Agriculture,3G1,Liming,0.7265349727,0.7233122483,0.7225054579,0.3843655437,0.694161156,0.7108333132,0.7891582053,0.4200583384,0.720433564,0.6670856596,0.433759272,0.3580032923,0.4498704396,1.098590844,1.148713852,1.193074616,1.119864779,1.193787109,1.121426689,1.039253663,0.9694995048,1.109014792,0.8904971782,0.7839640094,1.016005854,0.7568130709,0.7714053951,0.8032352825
Carbon,Agriculture,3G2,Liming,0.2886468957,0.2865569033,0.2862465267,0.2478239638,0.321397982,0.3620352196,0.3497201991,0.03712779673,0.1398610277,0.3116052781,0.1988181996,0.07555564162,0.1135203413,0.23502325,0.2461535384,0.2149214126,0.2761387106,0.1610414835,0.2712317034,0.1979119786,0.2082094872,0.1509327797,0.1937790208,0.1473631058,0.1713437295,0.1614496136,0.1573186802,0.135898213
Carbon,Agriculture,3H,Agriculture - application of urea,0.000000615177273,0.0000005908666952,0.0000005184766865,0.000000538213236,0.0000004509966503,0.0000004773112312,0.000000455389751,0.0000004716726768,0.0000003316671246,0.0000004035327609,0.0000003236637269,0.0000004294337412,0.0000005697741228,0.0000004209762897,0.0000006064450561,0.0000005521699171,0.0000005655405101,0.0000008253189791,0.0000004873389267,0.0000006963749591,0.0000007539832529,0.0000008418904883,0.0000007017421947,0.0000005535658533,0.00000158931726,0.000002195641004,0.000002056397252,0.000001938273513
Carbon,Agriculture,3H,Fertiliser Application,0.3276021655,0.3341612992,0.2373270043,0.1997153907,0.2118471012,0.1489213175,0.1354063452,0.1092562619,0.1419883436,0.1468164756,0.1330218389,0.1379997419,0.1858946412,0.1535252907,0.2286279306,0.2037625723,0.1922681746,0.2503419405,0.1819386509,0.2691142748,0.2699023404,0.3072388058,0.2807292073,0.2198866217,0.3180746183,0.3527883712,0.365102605,0.3439522286
Carbon,Business,1A2a,Blast furnaces,4.84801423,4.571695324,4.263595345,4.823178474,5.349796657,5.341351256,5.706239553,5.705737936,5.202650041,5.378719023,5.114299179,4.454740025,3.718693965,4.440453181,4.443774945,4.311858554,4.623801024,4.787237528,4.798029265,3.712027702,3.161493728,2.857200484,3.019279377,3.939233858,4.237624141,3.969339301,3.006413723,2.90239446
Carbon,Business,1A2a,Iron and steel - combustion plant,16.68624765,16.63115407,16.44249475,16.46777293,16.52766247,16.31666363,16.52828602,17.11372933,16.13226703,17.28349937,13.46763844,12.88686794,11.46631615,12.29917665,12.36730242,12.12353439,12.99858864,12.75129409,11.86977247,9.993816869,8.756062905,8.118366233,9.01506707,10.66361909,10.67677585,9.474276416,6.952344722,6.417059341
Carbon,Business,1A2b,Autogeneration - exported to grid,0.8733923873,0.8507456202,0.8901189716,1.57255464,1.349489333,0.9763465078,1.13886374,1.09631998,0.8442021473,0.7170650294,0.7298563629,1.004095002,0.7910970663,1.144828102,0.9111088187,0.7595389274,0.9100746571,1.14659177,1.347933102,1.493162559,1.224654367,1.230311438,1.073968711,0.0295671192,0.01662775888,0.01883449683,0.01562900255,0.02093638471
Carbon,Business,1A2b,Autogenerators,2.309753584,2.467667692,2.338843357,2.878177218,2.481630836,2.612601486,3.416591221,3.28895994,3.434172938,2.762796399,2.403109789,2.575864259,2.691578796,2.276126582,2.308886594,2.456227383,2.394283723,2.079496014,1.966964663,1.632048996,1.563890323,1.569534995,1.26046725,0.04297953557,0.0244608061,0.02354836891,0.01971198954,0.02776442375
Carbon,Business,1A2b,Non-Ferrous Metal (combustion),1.14913145,1.759246276,1.580509243,1.651730322,1.691156552,1.505050332,1.473923238,1.232094652,1.344448815,1.478315169,1.330375844,1.366838261,1.350236796,1.137860785,0.8273768028,0.8570207474,0.9019458268,0.7884668967,0.6505937957,0.5320538818,0.5370609356,0.5308302237,0.5437798174,0.5336627015,0.5227516333,0.6991786348,0.6762365481,0.6836050851
Carbon,Business,1A2c,Chemicals (combustion),12.07702791,11.36047604,11.86249147,13.49835658,14.0639271,12.09918677,11.55551545,11.42826673,10.85531227,10.84690432,11.46767506,11.38618995,10.3486815,10.24588716,10.06670198,9.100309596,8.695594035,8.301679874,8.429859763,6.839325879,7.059478877,6.252704365,5.700444312,5.883349813,5.215864258,4.817087402,4.917574147,5.309507128
Carbon,Business,1A2d,"Pulp, Paper and Print (combustion)",4.599140871,5.114833201,5.421322868,5.161330079,5.322465477,4.506619102,3.876154538,3.329180444,3.065274926,3.398804721,4.227600237,4.111211136,3.808915998,3.746003144,3.387949893,4.136787962,3.854105597,3.636915371,3.291792611,2.764049051,2.650937986,2.536453987,2.500126252,2.680002722,2.605686826,1.49366738,1.467770534,1.414335884
Carbon,Business,1A2e,"Food & drink, tobacco (combustion)",7.593711281,7.753669154,7.992193035,7.46117101,7.471083664,7.36332676,7.244031659,6.777357299,6.343375437,6.587896977,6.605554236,6.687951735,6.114723196,5.934553384,5.889369874,5.32842613,4.992896528,4.915723574,4.738544479,4.259402845,4.585648431,4.576584869,4.533693104,4.640043165,4.531571098,4.042266364,3.99886897,4.109647174
Carbon,Business,1A2f,Cement production - combustion,6.372857527,5.150923136,4.59788007,4.748660839,5.142553499,4.738642988,4.793666876,4.870096514,4.819603693,4.521695634,4.229113795,4.257427225,4.40426661,4.022589544,4.054392442,3.800625088,3.821488614,3.853534001,3.091585553,1.966078611,1.995932039,2.034661193,1.841178085,1.937206718,1.97245001,2.149636933,2.259499854,2.151223493
Carbon,Business,1A2f,Lime production - non decarbonising,0.6763734087,0.5610798579,0.3475742511,0.3532596583,0.3574153401,0.3889676656,0.4420314865,0.4538791998,0.4692291739,0.3912543884,0.3964748776,0.386318999,0.3880931771,0.4287653909,0.4482744405,0.4594097354,0.4570709122,0.5242911783,0.5032152238,0.360585412,0.4428454169,0.4410846098,0.3555666764,0.3875191127,0.4357827264,0.4163449971,0.334192391,0.3787819824
Carbon,Business,1A2f,Other industrial combustion,,,,,,,,,,,,,,,,,,,,,0.001251551804,0.01648329604,0.0366534493,0.04285520663,0.02486849706,0.02136079765,0.005742043562,0.008075335478
Carbon,Business,1A2gvii,Industrial off-road mobile machinery,7.276808845,6.912589007,6.905001094,7.003643966,7.329924238,7.443742937,7.449253179,7.463253196,7.466098634,7.458901852,7.45754924,7.480237696,7.501321501,7.519303448,8.02236018,7.859357017,8.002127913,8.198188886,7.753946948,6.151477801,6.151814256,5.337970651,6.341107169,5.100547211,5.44258894,6.089600753,6.178844533,6.558811829
Carbon,Business,1A2gviii,Autogeneration - exported to grid,0.1925540396,0.1864590631,0.1949588637,0.414821551,0.4073964699,0.9349395451,0.9393280685,1.098201289,1.050253279,1.180688411,1.566430125,1.572019228,1.32754692,2.108532237,1.658305901,1.319580053,1.365357086,1.933641671,1.947346183,2.217348347,1.924395006,1.851793873,2.009167085,1.599195426,1.417891172,1.533936839,1.556136648,1.616115214
Carbon,Business,1A2gviii,Autogenerators,0.5092240208,0.5408420508,0.512266627,0.759229541,0.7491779429,2.50180077,2.817984205,3.294603868,4.272378837,4.549101625,5.157595053,4.032793847,4.516761965,4.192145761,4.20239623,4.26731079,3.592070412,3.506915238,2.841655215,2.423594888,2.457462945,2.362373622,2.358066193,2.324632178,2.085834976,1.91784845,1.962668394,2.143183183
Carbon,Business,1A2gviii,Other industrial combustion,30.5591919,34.99052722,32.81248459,26.73303561,24.40765184,22.59848392,22.89459591,22.26123214,23.07472956,23.75597755,26.11988082,25.73184325,20.94898989,21.30368034,21.12797282,23.81210725,22.25636911,20.69533359,19.05168361,17.92926453,19.72363135,17.80636812,16.68176792,17.87923957,18.20991973,18.41378815,18.00116849,17.4341081
Carbon,Business,1A4ai,Miscellaneous industrial/commercial combustion,11.61563621,13.49431104,12.30540293,13.1875199,12.92065032,13.26060888,14.09144685,12.31580549,13.23151069,13.83469781,13.98091673,14.03442678,11.81209056,12.61992067,12.21459243,12.23448491,11.10238636,10.60586224,13.31285478,10.70965132,11.55287122,10.09330125,11.53219768,11.97207755,10.35619353,11.2822584,11.76453647,11.44825278
Carbon,Business,2B1,Ammonia production - combustion,0.5733295153,0.573864952,0.5896856912,0.5902211279,0.5907565645,0.5913881052,0.5920196459,0.4385237812,0.5075046914,0.5898084772,0.6246698271,0.6690276124,0.6762286679,0.6437760047,0.5476683693,0.589844,0.464938,0.620478,0.634131,0.458458,0.518539,0.420384,0.587122,0.523126,0.54215,0.575057,0.528656,0.63456
Carbon,Business,2B8a,Methanol production â€“ combustion,0.4977201937,0.4977201937,0.4977201937,0.4977201937,0.4977201937,0.4977201937,0.4977201937,0.4977201937,0.2365380611,0.2188209922,0.2619208472,0.1327742827,,,,,,,,,,,,,,,,
Carbon,Business,2B8g,Chemicals (combustion),3.46739571,3.952604141,3.883164996,3.851699116,4.122731198,4.163628288,4.158039786,3.984151199,4.081270824,4.345072541,3.575228558,3.363919308,3.165956915,3.598839039,3.777629724,3.567842588,3.582556558,3.688204403,3.128194438,3.08949115,3.316406802,3.176891821,3.276470011,3.002069958,2.398747888,2.679587553,2.776322621,2.840858577
Carbon,Business,2D1,Industrial engines,0.3022297218,0.2654088218,0.278174575,0.2858224628,0.272093918,0.3360272216,0.3179588673,0.3210891598,0.2885519225,0.2713223278,0.2866351881,0.3101729378,0.2966582752,0.3095355165,0.3428006487,0.2475783749,0.2204093841,0.1950649888,0.1026167864,0.104662626,0.1484237238,0.09349310131,0.04858250685,0.06203371889,0.05824844926,0.04027172378,0.03402658942,0.03924875735
Carbon,Business,2D3,Non Energy Use: petroleum coke,,,0.9837034685,1.156143429,1.153539779,1.013026022,1.508674462,0.9250423753,0.494411202,,0.064868564,,0.5411332868,0.5178002487,1.267342154,,,,0.3514531341,0.03906769797,0.6923125537,0.3951300059,0.3689016203,0.2911694445,0.4530053748,,0.1789428208,0.1648460338
Carbon,Energy Supply,1A1ai,Miscellaneous industrial/commercial combustion,0.08425334194,0.08571227427,0.1141614547,0.1360454396,0.1590236238,0.1874728041,0.2301193754,0.1907746171,0.1808958386,0.1797630279,0.2785404661,0.294511013,0.33639886,0.4272263529,0.4219297609,0.4648600329,0.4070479054,0.5008193277,0.5595094509,0.5248714476,0.502988536,0.5558229041,0.5254209428,0.5642437263,0.5777749223,0.5012526746,0.5252156381,0.6146117165
Carbon,Energy Supply,1A1ai,Power stations,204.1183432,200.7585959,188.8291796,171.4319724,167.2698133,164.2543855,163.8816133,151.3976661,156.591256,148.5923928,159.7865441,170.2934901,165.9828376,174.8963081,174.5734407,173.9234845,182.8869498,178.7239196,173.6742089,151.9964561,158.2065423,145.4666393,159.3661166,148.5013763,125.3052437,105.0573129,83.19573361,73.17112482
Carbon,Energy Supply,1A1b,Refineries - combustion,17.83147381,18.60593904,19.01545579,19.91721436,19.43098438,20.16656354,20.61055386,20.45968016,19.99013488,18.08000118,17.2955163,17.1006297,19.22547129,18.64384808,18.33,19.88180283,18.00396104,17.80809378,17.26532062,16.46904869,16.98298229,17.37621094,15.76759126,14.67571436,13.48431388,13.50148651,13.59438317,13.56026807
Carbon,Energy Supply,1A1ci,Coke production,2.060539027,1.837347409,1.668383441,1.581332203,1.658932416,1.617566346,1.81244375,1.807434692,1.812009505,1.849737462,1.839095459,1.355100985,1.120493753,1.062614488,0.9158334519,0.8992258214,1.164437756,1.333946136,1.308504722,1.181784486,1.322023201,1.183870346,1.19756897,1.257058683,1.230479413,1.09044773,0.8580220906,0.774799762
Carbon,Energy Supply,1A1ci,Solid smokeless fuel production,,,,,,,,0.05510159576,0.08314373312,0.06340212914,0.1150847792,0.0964553678,0.05021629664,,,,,,,,,,,,,,,
Carbon,Energy Supply,1A1cii,Upstream Gas Production - fuel combustion,2.152448786,2.23970933,2.380650826,2.518612982,2.983839862,3.048270364,3.460759516,3.608803063,3.847526104,4.436035361,4.940413321,5.357821008,5.450867908,4.900694911,4.682053165,4.392590762,3.755556783,3.688313489,3.762316538,3.550481324,3.632309006,3.254274919,3.14911074,3.386937223,3.283387104,3.376600216,3.005956478,3.20842645
Carbon,Energy Supply,1A1cii,Upstream oil and gas production - combustion at gas separation plant,1.059404531,1.154192655,1.160905889,1.2574514,1.857511012,1.641351887,1.246920376,1.084575854,1.092022576,1.006635996,0.9202984763,1.222882868,0.8214785681,1.21466558,1.132500202,1.123603073,0.94595335,1.036481771,1.04657385,1.046110697,0.9498130026,0.8894777522,0.7712024715,0.7145968753,0.6745458697,0.7049050522,0.9657172674,0.9858831428
Carbon,Energy Supply,1A1cii,Upstream Oil Production - fuel combustion,7.328686802,7.569937791,8.017489109,8.475863016,10.150867,10.36810726,11.54819177,11.96181605,12.70617775,12.60060393,12.27342402,12.15903785,13.25759195,12.5701458,12.04405344,11.61999021,11.47879224,10.61956496,10.35659055,10.09847342,10.00309251,9.043923832,8.588181079,8.176524846,8.035117271,8.518814416,8.492310218,8.902656917
Carbon,Energy Supply,1A1ciii,Collieries - combustion,0.4968965541,0.5003775011,0.4884648389,0.3120546811,0.25258215,0.1746451473,0.1601722089,0.1254696965,0.08853153396,0.0993189041,0.1111998968,0.161221433,0.1528636648,0.1966008221,0.1812251701,0.1580124906,0.1551284665,0.1592899403,0.1878036084,0.1824116672,0.2080679669,0.1712381879,0.1466409116,0.09993477502,0.09438659016,0.08210079804,0.0991040631,0.1082031561
Carbon,Energy Supply,1A1ciii,Gas production,0.6428986556,0.7827609117,0.7275606964,0.7396690975,0.7696302339,0.8361738419,1.109395915,1.029007984,1.298240212,1.602973767,1.703030061,1.669165279,1.665785912,1.774202861,1.403892972,1.573584573,1.422158041,1.211317636,1.31137545,1.281845208,1.833060112,1.614313302,1.171576084,1.123683426,1.095837727,1.254388624,1.276046239,1.303131582
Carbon,Energy Supply,1A1ciii,Nuclear fuel production,0.07652463605,0.09011774982,0.09247633186,0.1030509347,0.1005081256,0.08553388015,0.1604402446,0.1698671566,,,,,,,,,,,,,,,,,,,,
Carbon,Energy Supply,1B1b,Iron and steel - flaring,0.1347819715,0.05469204197,0.03939558696,0.06695806721,0.03881836224,0.04372477234,0.04321776013,0.03015791462,0.04933153889,0.02549769228,0.04767529459,0.03343929288,0.05611448089,0.06621272815,0.1132798925,0.06386187414,0.06986688909,0.06416796917,0.05713389771,0.01227159998,0.09262613301,0.1043167783,0.0267873886,0.05434265385,0.09401601146,0.1082513368,0.02856904333,0.02457348565
Carbon,Energy Supply,1B1b,Solid smokeless fuel production,1.563782,1.257443,1.083166017,0.9552522768,0.75295,0.6936971032,0.5092614345,0.5991794286,0.2454541419,0.1892457242,0.14531,0.1655065238,0.1380210529,0.119198881,0.1149316012,0.09739548849,0.1221766245,0.1820685975,0.2678194097,0.2273478839,0.2040066566,0.2753507475,0.1217519409,0.224029223,0.3414665677,0.3436332503,0.3204419079,0.3349644799
Carbon,Energy Supply,1B2a1,Upstream Oil Production - Offshore Well Testing,0.746684383,0.73823674,0.7920573816,0.8458780231,0.8996986646,0.3264908296,0.3413587734,0.3435127141,0.354997879,0.1198618368,0.087985632,0.068324896,0.0933997376,0.049219514,0.04221440959,0.065651808,0.04035107826,0.03555082284,0.03048428,0.10631574,0.0328426,0.04242652,0.03521227,0.0408971,0.10623021,0.0670289,0.08932711,0.08754266962
Carbon,Energy Supply,1B2a2,Upstream Oil Production - process emissions,0.1124927777,0.1112200862,0.1193285101,0.127436934,0.1355453578,0.5128615291,0.6060727876,0.1715862242,0.1433095833,0.1524046822,0.152927428,0.1665560035,0.1842516468,0.2130226357,0.2396667126,0.2387324757,0.2109214107,0.2817002007,0.25532421,0.3499856839,0.27365497,0.1441318369,0.0002142701533,0.0002521,0.06151085774,0.104806163,0.1262414446,0.129362498
Carbon,Energy Supply,1B2b1,Upstream Gas Production - Offshore Well Testing,0.6057767388,0.59892326,0.6425873481,0.6862514363,0.7299155244,0.2648783804,0.2769405779,0.278688046,0.2880058326,0.09204506,0.050024842,0.04018013768,0.05373231036,0.084113682,0.084967026,0.055257174,0.04198083174,0.03698669716,0.03171552,0.06406346,0.05000787,0.03381703,0.10267738,0.1018259,0.13135433,0.05301536,0.13357749,0.1352193651
Carbon,Energy Supply,1B2b3,Upstream Gas Production - process emissions,0.3752086621,0.3709637242,0.3980085793,0.4250534343,0.4520982894,1.710599491,2.02149653,0.5723090758,0.4779951045,0.5083309178,0.5100744853,0.5555312663,0.6145533544,0.9242371,0.6876082742,0.7876880201,0.6735134543,0.4956901643,0.34241834,0.33145559,0.16396874,0.1267778222,0.139659926,0.2354284178,0.3045000896,0.2467001991,0.2174169092,0.07764924965
Carbon,Energy Supply,1B2b4,Gas leakage,0.000425336527,0.000425336527,0.000425336527,0.000425336527,0.000425336527,0.000425336527,0.000425336527,0.000425336527,0.000425336527,0.000425336527,0.000425336527,0.000425336527,0.000425336527,0.000425336527,0.0004185568497,0.0003678042271,0.0003605380758,0.0003521653753,0.0003236630689,0.0002923336045,0.0002383782243,0.0002029464495,0.0001507317068,0.0001536206464,0.0001283694501,0.0001338244196,0.000169901651,0.0001971629137
Carbon,Energy Supply,1B2b5,Gas leakage,0.01732193852,0.01710596704,0.01687684272,0.01634577804,0.01581330167,0.01528446585,0.01476449372,0.01422976285,0.01370186385,0.01317148203,0.01264253815,0.01211419324,0.01157493534,0.01104760856,0.01125537623,0.01020779551,0.009828097744,0.00991391486,0.008904291201,0.008210951153,0.006871757587,0.005748557472,0.007156379721,0.007201687371,0.006193702565,0.00612807812,0.006271832812,0.006672189917
Carbon,Energy Supply,1B2c1i,Upstream Oil Production - venting,0.001725566257,0.001706043995,0.001830421959,0.001954799923,0.002079177886,0.002759475472,0.002468631789,0.002267376138,0.00209880814,0.008831115686,0.001852197127,0.002256877284,0.00437880847,0.0028274435,0.00296175463,0.002131174116,0.0020806325,0.00195628,0.00210227,0.00323064,0.00205347,0.00601761,0.008531521818,0.00260038,0.00211203,0.00957289,0.00801135,0.0097062
Carbon,Energy Supply,1B2c1ii,Upstream Gas Production - venting,0.0006116856005,0.0006047652715,0.0006488552675,0.0006929452634,0.0007370352594,0.0009781898577,0.0008750904301,0.0008037485254,0.00074399387,0.002114886268,0.001526479675,0.001341527021,0.001141234805,0.001139336,0.001198321346,0.001108042936,0.00103269,0.00110094,0.00018997,0.00082736,0.00163706,0.00172847,0.0005939790559,0.0003319,0.00020484,0.0007825128,0.00053379775,0.01491763409
Carbon,Energy Supply,1B2c2i,Upstream Oil Production - flaring,3.759180944,3.717618224,3.997051808,4.27569611,4.531987428,5.368182991,5.418909477,5.379984848,5.41187196,4.840069063,4.231671049,4.605463945,4.274801291,3.775830077,3.826037118,4.336358241,3.631162175,3.864396778,3.303794482,3.349083491,3.481366989,3.379596741,3.029254774,3.229802291,3.077883953,3.396998161,3.292702687,3.425162171
Carbon,Energy Supply,1B2c2ii,Upstream Gas Production - flaring,0.15849558,0.1567432017,0.1685247542,0.1802730289,0.1910788511,0.2263347494,0.2284734929,0.2255093956,0.2255093956,0.2383929287,0.6346788983,0.4562641016,0.3584279921,0.2437298545,0.341722568,0.3538299975,0.3394650077,0.35653066,0.3267046,0.3672368168,0.3853667507,0.2763353208,0.2476227732,0.2271902895,0.2217120356,0.2693912078,0.2990330293,0.3442145803
Carbon,Energy Supply,2A4d,Power stations - FGD,,,,,0.1278871658,0.1534645989,0.2071772086,0.2161293102,0.1537203733,0.1798093551,0.2110138235,0.2038521423,0.2156177615,0.2770036011,0.3266238214,0.300613142,0.3138299998,0.3465183623,0.3915928612,0.3467561674,0.3827245173,0.3899277149,0.5199264947,0.4989765552,0.3845320207,0.281365854,0.07389226767,0.1072778476
Carbon,Industrial Process,2A1,Cement - decarbonising,7.295263287,5.9941761,5.456386027,5.52492248,6.367810313,6.284903313,6.416449087,6.71049258,6.83816936,6.530860747,6.331883947,5.843838073,5.988264831,5.867549475,5.976629663,5.941163153,5.892780144,6.117015,5.204876684,3.721208559,3.792009912,4.096816412,3.723954443,4.029109619,4.2148141,4.450875941,4.553320836,4.409789871
Carbon,Industrial Process,2A2,Lime production - decarbonising,1.462049762,1.188257313,1.195725866,1.203489877,1.261426888,1.394867647,1.542688914,1.567551018,1.696440707,1.46310802,1.475540357,1.460065691,1.345587852,1.44608789,1.52958659,1.526709678,1.53258661,1.583801731,1.408139619,0.9925529172,1.11757823,1.155530263,1.177777732,1.23914939,1.283702623,1.219779989,1.021202875,1.052060063
Carbon,Industrial Process,2A3,Glass - general,0.4055369323,0.3288945428,0.3902781485,0.4105788367,0.383732083,0.3771875954,0.4028416706,0.40851496,0.3893072513,0.3695171996,0.3691407273,0.426016856,0.417829227,0.4094985188,0.4307753552,0.4653835031,0.4558253131,0.4502700005,0.4486879624,0.3592100675,0.3978229757,0.4163020187,0.3810201859,0.3866476644,0.3631164996,0.3511386719,0.3605938703,0.3679755538
Carbon,Industrial Process,2A4a,Brick manufacture - all types,0.6409283503,0.5393326082,0.5017407331,0.439610033,0.5166661336,0.538061591,0.5020084926,0.492604457,0.4917678348,0.4294729831,0.4635966027,0.4850905793,0.4752302234,0.4849354137,0.4924727354,0.4773954417,0.5212757833,0.511863399,0.3979261728,0.2613335794,0.294049134,0.2879297257,0.2598970808,0.2761898612,0.316264882,0.3246884565,0.3173487779,0.3123748416
Carbon,Industrial Process,2B1,Ammonia production - feedstock use of gas,1.321666694,1.323658292,1.346073232,1.34836483,1.350356428,1.352705492,1.354754556,0.8834762188,1.096495309,1.091459523,1.261616173,1.327443388,1.446229332,1.286491995,1.218601631,1.190237,0.920528,1.244817,1.0489,0.837212,0.969375,0.62253,0.986391,0.8624405928,0.940206,1.027192238,0.9136285911,1.129295
Carbon,Industrial Process,2B6,Chemical industry - titanium dioxide,0.1046320694,0.1046320694,0.1046320694,0.1046320694,0.1046320694,0.1046320694,0.1046320694,0.1046320694,0.1046320694,0.1392145772,0.1433688748,0.11375503,0.09312804774,0.0974744661,0.1087060691,0.1394451231,0.131223152,0.135420496,0.088791685,0.08928180192,0.1132150523,0.1116696147,0.1097998082,0.1234268786,0.1549632028,0.1854105814,0.1694845185,0.181017858
Carbon,Industrial Process,2B7,Chemical industry - soda ash,0.2315489684,0.2315489684,0.2315489684,0.2315489684,0.2315489684,0.2315489684,0.2315489684,0.2315489684,0.2315489684,0.2124516063,0.1763907579,0.1715867802,0.2461276968,0.2520854562,0.2467783359,0.3406206287,0.2566716352,0.3259040531,0.3175601572,0.3056735863,0.303532818,0.2800160721,0.294943554,0.2852680534,0.1577671987,0.1406602183,0.1435070681,0.140176829
Carbon,Industrial Process,2B8c,Chemical Industry - ethylene dichloride,0.00565,0.00565,0.00565,0.00565,0.00565,0.00565,0.00565,0.00565,0.00565,0.00565,0.00565,0.00565,0.00565,0.00565,0.00565,0.00565,0.00565,0.00565,0.00565,0.00565,0.00565,0.00565,0.00565,0.00565,0.00565,0.00565,0.00565,0.00565
Carbon,Industrial Process,2B8d,Chemical industry - ethylene oxide,0.131,0.131,0.131,0.131,0.131,0.131,0.119,0.089,0.081818,0.140115,0.153807,0.140752,0.113061,0.126488384,0.124717472,0.07398036,0.054680548,0.06595,0.057455,0.04896,,,,,,,,
Carbon,Industrial Process,2B8f,Chemical industry - carbon black,0.437149,0.437149,0.437149,0.437149,0.437149,0.437149,0.437149,0.437149,0.437149,0.432489,0.401862,0.370159,0.361891,0.374799,0.387467,0.30713,0.305312,0.328278,0.242364,0.048884,,,,,,,,
Carbon,Industrial Process,2C1a,Basic oxygen furnaces,0.13527195,0.1245764667,0.11604835,0.1122319,0.1245764667,0.1487944333,0.1872416333,0.2177732333,0.231814,0.1715517833,0.1586418167,0.1195349833,0.1013950667,0.1160954667,0.1223148667,0.1142579167,0.1232572,0.1370152667,0.1195349833,0.1053528667,0.1143050333,0.1020075833,0.08179453333,0.1021018167,0.1182157167,0.1732951,0.08999283333,0.08579945
Carbon,Industrial Process,2C1a,Electric arc furnaces,0.07142843471,0.06533583538,0.06664718938,0.06771641871,0.06797348138,0.06874040138,0.06791227104,0.07296777107,0.06172465518,0.05937713481,0.05920723465,0.05551676465,0.04802887023,0.02901782113,0.04581740125,0.04612422911,0.05622024444,0.0592961233,0.05130570817,0.04520089229,0.04241648038,0.04269244624,0.03548755772,0.0274137367,0.02656792437,0.02346844179,0.02469493726,0.02561759203
Carbon,Industrial Process,2C1a,Ladle arc furnaces,0.01704607667,0.01512826333,0.01541972667,0.01596998333,0.01642212,0.01684200833,0.01647163833,0.01726506833,0.01548416833,0.01476344833,0.01398947,0.01252659833,0.01051689833,0.011202235,0.01265122833,0.01161432433,0.01197998633,0.012844447,0.01241978833,0.008924593333,0.009233128667,0.009389391,0.008547803,0.009508689667,0.009622411333,0.008858857333,0.006480514333,0.006428711667
Carbon,Industrial Process,2C1b,Iron and steel - flaring,1.833622589,1.193288794,1.031441848,0.9524315287,1.240946248,1.530632118,1.781859994,1.505389614,1.321598036,1.700234282,1.537893409,0.996486558,0.6370488092,1.344183745,1.520160943,1.93799928,1.603483395,2.1365245,2.578963564,0.8123008147,1.355563113,0.991378926,0.8076697285,2.102727857,1.850779118,1.878751212,0.9201614055,1.083660104
Carbon,Industrial Process,2C1d,Sinter production,3.534166484,3.411882995,3.525473166,3.473608548,3.600598152,3.623736697,3.55240827,3.71277722,3.590739501,3.871029172,3.417454734,3.216546592,2.809148534,3.180822716,3.230088138,3.168326334,3.050576273,3.137869357,2.708241613,1.98773889,1.765389425,1.623703785,1.992160293,2.684267494,2.788003462,2.265532288,1.366250746,1.299732937
Carbon,Industrial Process,2C3a,Primary aluminium production - general,0.4503191733,0.4560418133,0.3800443533,0.3711457933,0.3590167533,0.3691511267,0.3723296867,0.3840595,0.40057138,0.4175013333,0.46985246,0.52479812,0.53024972,0.52783192,0.55383174,0.5714563706,0.5549005,0.5620015258,0.5028009541,0.393085638,0.2865178439,0.3295040287,0.09163504504,0.06813815932,0.06444642204,0.07327145672,0.07328379212,0.0716192092
Carbon,Industrial Process,2C6,Non-ferrous metal processes,1.358832731,1.133094619,0.7848846127,0.5298091849,0.928918169,1.098534092,1.072858218,0.5540771573,0.4126392681,0.4533252233,0.4976639101,0.3767787805,0.1751839817,0.0691808488,,,,,,,,,,,,,,
Carbon,Land Use Change,4A1,Forest Land remaining Forest Land - Biomass Burning - Wildfires,0.03733067348,0.0643519335,0.0165194821,0.02949791712,0.02384151082,0.1898723158,0.09991668399,0.1333374127,0.07534589151,0.01206992103,0.04303445571,0.05947963322,0.05056627468,0.04357744369,0.05676679382,0.1064253328,0.1053383474,0.09463830381,0.08810350002,0.07705210547,0.03776196517,0.05152815101,0.239881943,0.05952578647,0.06394572481,,0.005010558817,0.02968051885
Carbon,Land Use Change,4A1,Forest Land remaining Forest Land - Carbon stock change,-14.47794183,-15.20174782,-15.74415474,-16.05661676,-16.06858887,-16.23997811,-16.60380683,-16.70903514,-17.10056335,-17.18403004,-17.47054656,-17.75743594,-17.98323744,-18.04439501,-18.06097584,-18.27991289,-18.55536164,-18.56986105,-19.24651952,-19.38977959,-19.204657,-18.90500219,-16.883596,-17.89199865,-18.10301806,-18.00915971,-18.15820712,-18.04539664
Carbon,Land Use Change,4A2,Cropland converted to Forest Land - Carbon stock change,-0.01482508136,-0.01184463769,-0.01115253142,-0.01161200079,-0.01187085454,-0.0186253409,-0.02212568321,-0.02613168954,-0.03069278679,-0.03140986367,-0.03397956213,-0.0400259836,-0.04392042524,-0.04924225848,-0.05273340295,-0.05900794966,-0.06374811916,-0.05924350446,-0.05152083887,-0.0428391729,-0.03212516996,-0.03155034876,-0.02971451245,-0.02686343063,-0.02521424273,-0.02802692896,-0.03059144326,-0.02970935502
Carbon,Land Use Change,4A2,Grassland converted to Forest Land - Carbon stock change,-0.5601589555,-0.524890848,-0.5001743056,-0.486483724,-0.4381942343,-0.4826257379,-0.5282488848,-0.588079689,-0.6631603182,-0.7028843154,-0.7466402896,-0.7943006154,-0.8287263997,-0.8379107832,-0.7976179675,-0.758389175,-0.6953504413,-0.5754723568,-0.4327237384,-0.3457892214,-0.2742885501,-0.2204182102,-0.1762894923,-0.1519493059,-0.1266860691,-0.1346897098,-0.1458059901,-0.1458186431
Carbon,Land Use Change,4A2,Settlements converted to Forest Land - Carbon stock change,-0.01066415645,-0.00948788168,-0.008729376945,-0.008305487653,-0.007267241896,-0.008858951978,-0.009846805287,-0.01087106855,-0.01204720874,-0.01157104503,-0.01135328425,-0.01617357765,-0.02084656843,-0.02585896692,-0.02956634613,-0.03468206482,-0.03832906211,-0.03699150991,-0.03275139613,-0.02894442793,-0.02408951489,-0.02259754308,-0.02021557243,-0.01829670296,-0.01636305871,-0.01843886559,-0.02053811995,-0.02052543983
Carbon,Land Use Change,4B1,Carbon stock change,2.897397306,2.900590843,2.829237055,3.031419609,3.0723398,3.321118675,3.304062629,3.32724228,3.354486532,3.445761229,3.674003033,3.945334652,4.169076229,4.384069877,4.620267822,4.752076134,5.023128609,5.061736011,5.389972364,5.740524215,5.737438546,5.723260834,5.785933048,5.739301357,5.702119009,5.801303208,5.786260311,5.826603397
Carbon,Land Use Change,4B1,Cropland remaining Cropland - Carbon stock change,0.02249292,0.01129090856,0.02072165352,0.01594773091,0.0003842232386,0.05767490071,-0.002113964211,-0.02421624507,-0.003912934077,0.01981702107,0.005466853538,0.001410125763,0.03930954731,0.001413264712,0.02198204422,0.002698205755,0.001099596848,-0.0025628861,-0.01091652501,0.01265444964,-0.0289433498,0.003790760629,-0.0005572174269,0.01295515165,-0.00453450849,-0.03375544609,0.01266692657,0.02962344667
Carbon,Land Use Change,4B2,Forest Land converted to Cropland - Biomass Burning - Controlled Burning,0.0007056302427,0.0007221029947,0.0007385912884,0.0007552869872,0.0007721270121,0.0007889620061,0.0008057731056,0.0008227350314,0.0008397095232,0.0008568317972,0.0005679050833,0.0005883705777,0.0006088473826,0.0006292736851,0.0006493619129,0.000669112475,0.0002140944431,,,,,,,,,,,
Carbon,Land Use Change,4B2,Forest Land converted to Cropland - Carbon stock change,0.001277004659,0.001304550192,0.001332187077,0.001360248346,0.00138862036,0.001417038426,0.00144546672,0.001474208861,0.001503020041,0.001532134907,0.001092778421,0.001191869939,0.001287393989,0.001379465144,0.00146778725,0.001552554947,0.000802409982,0.0004719212456,0.0005142228494,0.0005542170108,0.0005931524555,0.0006299639811,0.000664778154,0.0006977133506,0.000728880326,0.00075838274,0.0007863176464,0.0008127759449
Carbon,Land Use Change,4B2,Grassland converted to Cropland - Carbon stock change,11.46159,11.42956024,11.3987901,11.37110577,11.34625239,11.3244217,11.30473526,11.28705103,11.27133126,11.25733675,10.84924134,10.25706086,9.697147984,9.168855505,8.67446534,8.202749331,7.763653015,7.346717598,6.951473261,6.572762409,6.357733261,6.150318195,5.954491632,5.777465011,5.596501413,5.45479596,5.280048236,5.131809143
Carbon,Land Use Change,4B2,Settlements converted to Cropland - Carbon stock change,-0.1175365522,-0.1134747728,-0.1095194597,-0.1056577612,-0.1018868805,-0.09820417918,-0.09460710724,-0.09109319938,-0.08766007193,-0.08430541989,-0.07364566337,-0.06934855098,-0.065189314,-0.06112332541,-0.05714768762,-0.05325986905,-0.04945742235,-0.0457379796,-0.04209924943,-0.03853901433,-0.03572149201,-0.03295236,-0.03024704745,-0.02760385448,-0.02502102451,-0.02249685721,-0.02002970726,-0.01761798241
Carbon,Land Use Change,4C,Grassland - Drainage and rewetting and other management of organic and mineral soils,0.1767975,0.1767975,0.1767975,0.1767975,0.1767975,0.1767975,0.1767975,0.1767975,0.1767975,0.1767975,0.1767975,0.1767975,0.1767975,0.1767975,0.1767975,0.1767975,0.1767975,0.1767975,0.1767975,0.1767975,0.1767975,0.1767975,0.1767975,0.1767975,0.1767975,0.1767975,0.1767975,0.1767975
Carbon,Land Use Change,4C1,Grassland remaining Grassland - Carbon stock change,-2.344419923,-2.403827048,-2.462102478,-2.519273971,-2.575368469,-2.630412122,-2.68443032,-2.737447713,-2.790721828,-2.128485973,-2.384842877,-2.635922301,-2.881864848,-3.122806653,-3.358879542,-3.590211181,-3.816925229,-4.039141473,-4.256975969,-4.470541172,-4.552267893,-4.632405087,-4.710991362,-4.788064217,-4.863660077,-4.937814326,-5.010561344,-5.081934539
Carbon,Land Use Change,4C2,Cropland converted to Grassland - Carbon stock change,-4.370582465,-4.422973421,-4.471522243,-4.51908697,-4.565664421,-4.611313368,-4.656148267,-4.699505801,-4.741987596,-4.782891882,-4.573230774,-4.450669726,-4.332047749,-4.214831942,-4.100497858,-3.987082613,-3.877441744,-3.768519384,-3.662039061,-3.556454994,-3.581312133,-3.598956476,-3.616035755,-3.640917906,-3.656329795,-3.681400746,-3.698793832,-3.718567964
Carbon,Land Use Change,4C2,Forest Land converted to Grassland - Biomass Burning - Controlled Burning,0.0171465475,0.01770954722,0.0182820125,0.01886776977,0.019462631,0.02006174487,0.02066685727,0.02610542178,0.02140843565,0.02172718538,0.2135782395,0.2504617201,0.2342691332,0.2723565063,0.2031554676,0.2358077708,0.2015897763,0.2515865787,0.2417186576,0.2497304577,0.2621173153,0.2041095549,0.2023416539,0.1839843017,0.2310973127,0.1844518031,0.2283139271,0.1878434788
Carbon,Land Use Change,4C2,Forest Land converted to Grassland - Carbon stock change,0.03037734114,0.03137811389,0.03239468173,0.03343380085,0.03448817707,0.03554935055,0.03662042158,0.04616254774,0.03793946229,0.03850699014,0.3954305274,0.4792928965,0.4690099575,0.5528166899,0.4475970533,0.5199773584,0.4742917474,0.5754020314,0.5708288119,0.5968821379,0.6298716627,0.5388615391,0.5458422539,0.5231999502,0.6147940414,0.5415730375,0.6265302511,0.5632483254
Carbon,Land Use Change,4C2,Settlements converted to Grassland - Carbon stock change,-0.6080622957,-0.6205654433,-0.632676747,-0.6443622355,-0.6556358644,-0.666511416,-0.6770021937,-0.6871210374,-0.6968803412,-0.706292069,-0.7306976713,-0.7449767801,-0.7588061977,-0.7722631659,-0.7853598236,-0.7981074651,-0.8105169887,-0.822598914,-0.8343633968,-0.8458202418,-0.8654950186,-0.884899597,-0.9039024022,-0.922513646,-0.9407441217,-0.9586042675,-0.9761041729,-0.9932535924
Carbon,Land Use Change,4C2,Wetlands converted to Grassland - Carbon stock change,-0.0122907898,-0.01179051343,-0.01129023706,-0.01078996069,-0.01028968433,-0.00978940796,-0.009289131592,-0.008788855225,-0.008288578857,-0.00778830249,-0.007288026122,-0.006787749755,-0.006287473387,0.006314193971,0.006321903138,0.006329612304,0.0007599432471,0.0009946704138,0.00122939758,0.001464124747,0.001198575546,0.005540045344,0.005086975019,0.004633904693,0.004180834367,0.004887522073,-0.0007089559549,0.004062872904
Carbon,Land Use Change,4D1,Peat Extraction Remaining Peat Extraction - Carbon stock change,0.4869114336,0.4891159813,0.4770270328,0.4642129002,0.5761863864,0.6564176072,0.5562912588,0.487576034,0.3611979589,0.4906951595,0.4802751619,0.5196135257,0.3212681434,0.5578437397,0.3870802918,0.4432660984,0.463263921,0.2991293952,0.2561925419,0.2943421885,0.3205051351,0.27699459,0.2182068783,0.3787052665,0.2686802881,0.3198722677,0.3126578498,0.3366866708
Carbon,Land Use Change,4D2,Grassland converted to flooded land - Carbon stock change,,0.000003072666667,,,,0.0000011,,,0.00001608358631,0.00001608358631,0.00001608358631,0.00001608358631,0.00001608358631,0.00001608358631,0.00001608358631,0.00001608358631,0.00001608358631,0.00001608358631,0.00001660058631,0.00003076839919,0.00003076839919,0.00003076839919,0.00003339373252,0.00003299197192,0.00003299197192,0.00003299197192,,
Carbon,Land Use Change,4D2,Land converted for Peat Extraction - Carbon stock change,0.00004118213675,0.00004118213675,0.00004118213675,0.00004118213675,0.00004118213675,0.00004118213675,0.00004118213675,0.00004118213675,0.00004118213675,0.00004118213675,0.00004118213675,0.00004118213675,0.00004118213675,0.0002170759316,0.0003929697265,0.0005688635214,0.000569013494,0.0005691634667,0.0003934196444,0.0002176758222,0.000041932,0.00003437793333,0.00002682386667,0.0000192698,0.00001171573333,0.000003329333333,0.000002497,0.00009201133333
Carbon,Land Use Change,4E1,Settlements remaining Settlements - Carbon stock change,1.629218808,1.671788578,1.712354949,1.751019757,1.787879192,1.82302414,1.856540503,1.888509497,1.919007935,1.948108483,2.000984112,2.051233315,2.098996452,2.144405789,2.187585993,2.228654609,2.267722494,2.304894228,2.340268498,2.373938455,2.355674928,2.338531849,2.322435145,2.307315988,2.2931104,2.279758894,2.267206137,2.255400643
Carbon,Land Use Change,4E2,Cropland converted to Settlements - Carbon stock change,0.8326580866,0.7912286538,0.7523669222,0.7157404609,0.6812073371,0.6486364422,0.617905585,0.5889008359,0.5612596426,0.5351391378,0.5676699379,0.5771671485,0.5858587012,0.5939418046,0.6014615858,0.6084587979,0.614971082,0.6210332201,0.6266773618,0.6321895178,0.6483865547,0.6640526106,0.6788618742,0.6928635525,0.706106005,0.7186344497,0.7304911674,0.7417157071
Carbon,Land Use Change,4E2,Forest Land converted to Settlements - Biomass Burning - Controlled Burning,0.0400437136,0.0382689336,0.03642546105,0.03620018513,0.03758705475,0.03476714296,0.03916255794,0.04454413254,0.0452276239,0.05794214925,0.01623542411,0.01346827395,0.0224150661,0.04493613083,0.07337711936,0.06616964122,0.01307279447,0.03062614718,0.031435108,0.03357415785,0.07365937394,0.06919348291,0.06246536158,0.06258372987,0.04721780797,0.06055724018,0.1355720956,0.1101742942
Carbon,Land Use Change,4E2,Forest Land converted to Settlements - Carbon stock change,0.1084178497,0.1056979555,0.1028342683,0.1027849587,0.1055408559,0.1009044083,0.1088964829,0.1186003147,0.1200541518,0.1425802592,0.09072526641,0.1059061958,0.1404807275,0.1977805373,0.2644559984,0.26771156,0.189655474,0.2346013708,0.2494221188,0.2658438283,0.3477401782,0.3509158038,0.3495289279,0.3595801197,0.3419633371,0.3741613051,0.5139900913,0.4773837725
Carbon,Land Use Change,4E2,Grassland converted to Settlements - Carbon stock change,4.400960019,4.333385089,4.269365768,4.21610664,4.155886555,4.105094192,4.056034235,4.010720783,3.96760994,3.927000227,3.804188184,3.69873044,3.598562797,3.504560005,3.41571792,3.331961161,3.256457255,3.1805997,3.11035572,3.043994863,3.01857083,2.992408505,2.969593884,2.945242649,2.924687895,2.904394695,2.885241818,2.866670153
Carbon,Land Use Change,4G,HWP Produced and Consumed Domestically - Carbon stock change,-1.375233534,-1.100019489,-1.040921109,-1.159470764,-1.289662625,-1.443502818,-1.434646101,-1.639403579,-1.567536217,-1.775734105,-1.968655446,-1.977499626,-1.918315779,-2.029984518,-2.114003918,-1.992446802,-1.811262275,-2.017845871,-1.667083282,-1.59702884,-1.878254026,-2.129918127,-3.310835355,-2.387273224,-2.096749612,-2.022178957,-2.006223728,-1.846098465
Carbon,Land Use Change,4G,HWP Produced and Exported - Carbon stock change,-0.2638462712,-0.2062398164,-0.1807594358,-0.1926406884,-0.1836472681,-0.2196823591,-0.2136284828,-0.2596765335,-0.2408139922,-0.2674792912,-0.3100222768,-0.3113029658,-0.3049121398,-0.3553375694,-0.3349859762,-0.3520110629,-0.2878895253,-0.2755318104,-0.2697082496,-0.1836165574,-0.2054796595,-0.2452643528,-0.4406518984,-0.2332054849,-0.1894473174,-0.1532821387,-0.1601977641,-0.1695061457
Carbon,Public,1A4ai,Public sector combustion,13.42742143,14.34374421,15.03990547,13.69726153,13.37181648,13.22307877,14.21375226,13.85596201,12.8852571,12.7127646,12.06120508,12.18080127,10.29343614,10.22924675,11.16160202,11.13884655,10.0749635,9.394212418,9.71380367,8.812705938,9.440339661,7.956272883,8.887953726,9.075399613,7.740332857,7.949744709,8.131583308,7.796391953
Carbon,Residential,1A4bi,Domestic combustion,78.16710498,86.90129887,84.2536558,88.28661222,83.95013797,79.5640416,90.70677265,83.64525204,85.57025466,85.32038709,85.59518696,87.85033134,84.47338917,85.2722008,86.92411718,82.46699064,79.86066857,76.33374452,78.21403789,75.01682213,84.47891866,67.2911104,73.65713903,74.48599375,61.96591116,64.4776586,66.96038612,64.13276841
Carbon,Residential,1A4bii,House and garden machinery,0.3017444592,0.305178949,0.3079456213,0.3110393879,0.3145011356,0.3177584493,0.3198908738,0.3219268204,0.3240867423,0.3265619224,0.3294093215,0.3324459877,0.3345715086,0.3366474959,0.3387344892,0.3418138587,0.3444734183,0.3472432811,0.3502908622,0.3529953709,0.3558811396,0.3584316139,0.361645532,0.36475549,0.3684103843,0.3720668761,0.3758251289,0.3794522715
Carbon,Residential,2D2,Non-aerosol products - household products,0.03317353504,0.02956444961,0.02836967612,0.02898477405,0.02839221213,0.0265910198,0.02660215252,0.02666462946,0.01088353747,0.02242414743,0.01957335767,0.01972510489,0.03041382225,0.04322603642,0.03050413062,0.04292751829,0.02917051969,0.02360329919,0.02758573809,0.02337188509,0.02207143244,0.01690282218,0.0190171104,0.02542980104,0.02542985464,0.02704606966,0.02373147642,0.02422375376
Carbon,Transport,1A3a,Aircraft - domestic cruise,1.032566978,1.053751593,1.05296714,1.022629744,0.9342929096,0.9889311306,1.110307339,1.139389028,1.233623904,1.372804924,1.462183537,1.521051632,1.526807033,1.572136368,1.636063543,1.81623299,1.746176459,1.669712973,1.603100873,1.41924011,1.304339091,1.246948322,1.195318281,1.217506388,1.1146679,1.139346049,1.075948822,1.108286571
Carbon,Transport,1A3a,Aircraft - domestic take off and landing,0.452127818,0.4446603096,0.4481400652,0.4414345392,0.4199480714,0.4416376556,0.502234156,0.5218894978,0.5475295182,0.6279436011,0.6856830208,0.7216443635,0.6922609484,0.7025262514,0.7449170291,0.8115623805,0.7659916914,0.6967625925,0.6463991268,0.5545210428,0.5236887617,0.4971083456,0.465732023,0.4731865587,0.4453438353,0.4349764076,0.4145243731,0.4217196782
Carbon,Transport,1A3a,Aircraft between UK and Bermuda - Cruise,0.08246526585,0.06258419551,0.03092034533,0.04134896596,0.04311964176,0.04891486681,0.05620405944,0.04626470717,0.05320135258,0.0537839679,0.05795142329,0.0570584552,0.05651947438,0.0546023415,0.06405508546,0.07192867468,0.1060351829,0.1031783283,0.09898977876,0.09617054832,0.09657569815,0.09405406319,0.09273524551,0.09238168779,0.09059757377,0.09089370706,0.09089222364,0.09090701004
Carbon,Transport,1A3a,Aircraft between UK and Bermuda - TOL,0.004120175361,0.003178446203,0.001539204578,0.00207315431,0.002165635201,0.002442653642,0.002803342856,0.002309144105,0.002784182327,0.002824394431,0.003132195384,0.002813343648,0.00312514449,0.003011828323,0.003536249293,0.0039730877,0.00569607965,0.005635565491,0.00544379615,0.005296613569,0.005099524994,0.004924822089,0.004865524482,0.004907109822,0.004763078082,0.004719564526,0.00470506411,0.004703335595
Carbon,Transport,1A3a,Aircraft between UK and CDs - Cruise,0.1325655238,0.1153461473,0.1218940693,0.1308395137,0.1197103081,0.120112738,0.124155541,0.1307063801,0.1389117746,0.135461399,0.1494803982,0.1498435918,0.154608059,0.1561675111,0.1784654718,0.180661946,0.165866394,0.1693159854,0.1661841172,0.1492464397,0.1578793463,0.1550104326,0.1490132566,0.1309152752,0.1331075267,0.1266699094,0.123975165,0.1281690382
Carbon,Transport,1A3a,Aircraft between UK and CDs - TOL,0.05622039873,0.05006346712,0.05031722842,0.05152390053,0.05075538319,0.05242580695,0.05632756674,0.06102157868,0.06551133666,0.06227037831,0.07195164103,0.07380198639,0.07697028707,0.07977275086,0.08789297016,0.08811661797,0.08275904525,0.08464854402,0.0851309113,0.07848064938,0.08322364064,0.08007311883,0.07505261012,0.06574865448,0.06510926046,0.062880082,0.05830495911,0.05837196293
Carbon,Transport,1A3a,Aircraft between UK and Gibraltar - Cruise,0.04887066113,0.04289851902,0.04489776651,0.0448315998,0.04164712834,0.03884331811,0.03382583133,0.03223560842,0.03456688368,0.03446203326,0.03662698377,0.03765238866,0.03951863491,0.04304347216,0.05179806798,0.05647050619,0.05061992252,0.04046649108,0.05074336983,0.04976987224,0.0436164223,0.05445411497,0.05214531919,0.05284241567,0.05586081458,0.05639293117,0.0722730862,0.07190922874
Carbon,Transport,1A3a,Aircraft between UK and Gibraltar - TOL,0.006249868622,0.005456027789,0.005553750591,0.005923175285,0.005499524832,0.004920907812,0.004188590245,0.003942969428,0.004148961646,0.004072154766,0.004425926202,0.004589423098,0.004883702876,0.005370456044,0.006341367834,0.006945438756,0.006324269784,0.005181218763,0.006463118476,0.006116241099,0.005236618128,0.00636015764,0.006019672792,0.006349260866,0.006743706642,0.006789898072,0.008753529566,0.008724628172
Carbon,Transport,1A3a,Aircraft between UK and other OTs (excl Gib. and Bermuda) - Cruise,0.06217824986,0.03712070717,0.04334169513,0.05664435781,0.03880044595,0.02832809514,0.02494476947,0.02510671276,0.04944267262,0.006721758655,0.01878049656,0.03970230513,0.03817660255,0.03836930911,0.04044939161,0.04147858053,0.04125371195,0.04118854621,0.04154627523,0.04228165166,0.04309433644,0.01372288659,0.003608062862,0.00383110553,0.003528739668,0.003396871869,0.003406972597,0.003771621116
Carbon,Transport,1A3a,Aircraft between UK and other OTs (excl Gib. and Bermuda) - TOL,0.003942650704,0.00283427818,0.002619276852,0.002782457131,0.002750183435,0.002602322033,0.002448657506,0.002262737827,0.00263094904,0.001585405878,0.002994500937,0.003001803106,0.002570567108,0.002640029702,0.003284335769,0.003565153663,0.00363070137,0.003883577307,0.0041726336,0.004269208331,0.003584025637,0.002376320709,0.001967171122,0.001894558867,0.001899268725,0.001825370874,0.001654670676,0.00182572525
Carbon,Transport,1A3bi,Road transport - cars - motorway driving,10.31591759,10.1530706,10.43838251,10.68240813,10.78350912,10.90764535,11.725193,12.15321533,12.35986514,12.64893182,12.65102621,12.83146821,13.10405119,12.93278687,13.28173325,13.38857694,13.44114491,13.56644551,13.27529852,13.04480086,12.71874827,12.76120908,12.86984817,12.77892446,12.79302987,13.00707827,13.19635133,13.12294113
Carbon,Transport,1A3bi,Road transport - cars - rural driving,26.59989297,26.56069987,27.33686764,26.85478175,26.85843436,26.58153976,27.83760972,28.25224577,27.77686888,28.25887535,28.16805097,28.21444675,29.03667091,28.9274569,29.26882528,29.45429695,29.58038908,29.73394801,29.09966306,28.17830679,27.53357074,27.16085331,26.90028337,26.63908118,26.94477316,27.37196495,28.27787151,28.55296871
Carbon,Transport,1A3bi,Road transport - cars - urban driving,33.86726729,33.82976562,34.32970778,35.40648985,34.63398254,33.90183765,34.81133863,34.71874953,34.34507484,35.00846461,34.8886789,34.66954148,35.16592517,34.28640107,34.13529352,33.85668587,33.24838988,33.32197291,32.11671534,31.06552375,29.8430129,29.42319299,29.26761609,28.46981024,28.3962774,28.28016342,28.16400738,27.81096875
Carbon,Transport,1A3bii,Road transport - LGVs - motorway driving,1.712839273,1.703143451,1.810833652,2.041878839,2.184525785,2.313227121,2.546839959,2.732285964,2.795208165,2.762891945,2.842053937,2.894792137,2.936006142,3.01264581,3.210585885,3.329748344,3.496792746,3.59631576,3.375585158,3.369450033,3.394839637,3.488340187,3.649172705,3.717742291,3.807013585,3.986504298,4.190645197,4.265692053
Carbon,Transport,1A3bii,Road transport - LGVs - rural driving,4.342301419,4.564203731,4.684111969,4.788063679,5.030087381,5.032578197,5.360502458,5.630156763,5.827317982,5.803946328,5.804260048,5.856931036,5.96579491,6.107724034,6.200188924,6.399354726,6.560804428,6.954980911,6.661733257,6.586887015,6.74271544,6.71470329,6.707461519,6.874885141,7.227800761,7.702027061,8.303438097,8.45756914
Carbon,Transport,1A3bii,Road transport - LGVs - urban driving,5.483252906,5.668278334,5.581978343,5.458721756,5.605703873,5.494868933,5.569575038,5.687804172,5.682593911,5.677227172,5.583717613,5.507702595,5.564670531,5.769077682,5.94559538,6.062264701,6.149280502,6.254100341,5.884940909,5.716129445,5.871552075,5.905113037,5.915328454,5.889404219,6.164813645,6.358572112,6.672921202,6.616361346
Carbon,Transport,1A3biii,Road transport - buses and coaches - motorway driving,0.4618733767,0.4109650501,0.4341436925,0.3856661492,0.4010787463,0.3917284339,0.4019430354,0.4112257172,0.4351984269,0.3746385829,0.3535038543,0.3427905395,0.3207356485,0.3064142459,0.302642096,0.3057830303,0.3602816465,0.3012244503,0.2802760647,0.2678255125,0.2870646377,0.2769991187,0.2680568751,0.2705122102,0.2602653766,0.2525054077,0.2395232727,0.2335375413
Carbon,Transport,1A3biii,Road transport - buses and coaches - rural driving,1.459692313,1.273922713,1.200599506,1.208164906,1.208621565,1.218976915,1.236899043,1.229621359,1.161254727,1.180569222,1.164335759,1.143926559,1.211158048,1.19206124,1.070527646,1.021767647,1.057003649,1.112517517,1.002545954,1.014435419,1.009004307,0.9175613307,0.8641585339,0.9001097244,0.913094596,0.8833195509,0.8310374207,0.8300802428
Carbon,Transport,1A3biii,Road transport - buses and coaches - urban driving,3.348090653,3.712423299,3.688967365,3.715205366,3.763151882,3.83167396,3.86707826,3.866106943,3.782129019,3.637240532,3.350776019,3.274102085,3.204950241,3.350318641,3.277977449,3.317897575,3.284225226,3.429906143,2.939533121,2.928342414,3.005135946,2.771081511,2.656605544,2.667917168,2.647194684,2.55842435,2.438301068,2.276642423
Carbon,Transport,1A3biii,Road transport - HGV articulated - motorway driving,4.17136051,3.953682177,3.859959835,4.748313837,4.984290806,5.052631051,5.400469836,5.610398637,5.56581753,5.634188702,5.665733806,5.664532988,5.756158122,5.715166004,6.062169051,6.104535155,6.152979217,6.273157791,5.797664413,5.336608961,5.619365102,5.582131865,5.778904568,5.932026036,6.153817254,6.521623335,6.752709238,6.870282959
Carbon,Transport,1A3biii,Road transport - HGV articulated - rural driving,4.016377402,3.957821428,4.036395908,3.925477647,4.098925565,4.086518143,4.203793145,4.242258653,4.230398341,4.147525129,4.071600143,4.067929547,4.215921465,4.23677762,4.264206249,4.312762838,4.399984408,4.496195488,4.228282087,3.882738462,3.955684749,3.856800944,3.889945632,3.89660569,3.966266149,4.232585694,4.421467043,4.586581023
Carbon,Transport,1A3biii,Road transport - HGV articulated - urban driving,1.521267962,1.438114154,1.305889648,1.40762131,1.467576388,1.424863927,1.440495445,1.427814413,1.364986411,1.294464726,1.230883693,1.210042407,1.240025865,1.273696374,1.294333685,1.255865815,1.21682504,1.150986684,1.040837422,0.9658810033,0.9556568361,0.954727145,0.922154129,0.9151867045,0.9322830172,0.9816186824,1.031301982,1.067772773
Carbon,Transport,1A3biii,Road transport - HGV rigid - motorway driving,2.287625502,2.039298397,2.030009203,2.100132298,2.19244203,2.183599204,2.252623505,2.268114914,2.310355524,2.257212516,2.184327029,2.181708597,2.197951787,2.206683199,2.238655999,2.248371582,2.251384443,2.249690829,2.17085471,2.053950023,2.143231651,1.992335135,1.889992623,1.865282172,1.956102234,2.149294306,2.241017213,2.27077131
Carbon,Transport,1A3biii,Road transport - HGV rigid - rural driving,4.449506719,4.252754045,4.278819849,4.064837365,4.170529156,4.068714432,4.04075376,3.988645822,3.931974618,3.839464119,3.73283608,3.70438691,3.854551974,3.924963018,3.893129159,4.010921349,4.008806662,4.118631332,3.770523608,3.440239567,3.504855725,3.384237164,3.332988382,3.325047539,3.351176262,3.498670272,3.673707428,3.660279169
Carbon,Transport,1A3biii,Road transport - HGV rigid - urban driving,3.773216336,3.583512668,3.633312648,3.172396109,3.124368641,2.912927983,2.974230809,2.832129413,2.77042472,2.619964776,2.601731905,2.650566567,2.69710614,2.802065997,2.81781326,2.899972871,2.82606608,2.714930277,2.512950525,2.296251866,2.311827912,2.264946471,2.241545742,2.180555064,2.245020866,2.205679044,2.145761334,2.012391211
Carbon,Transport,1A3biv,Road transport - mopeds (<50cc 2st) - urban driving,0.06500100112,0.05898991742,0.04893115997,0.03913769964,0.03749174434,0.03316935017,0.03097163868,0.02943900276,0.02905607319,0.03228278436,0.03428432061,0.03577655466,0.03474515499,0.03657894524,0.03081173691,0.0307722295,0.02601302829,0.02771316402,0.02263677752,0.02133195068,0.01858586334,0.0173971342,0.01584867193,0.01335775703,0.0125265478,0.01155107211,0.01096311049,0.01011581379
Carbon,Transport,1A3biv,Road transport - motorcycle (>50cc  2st) - urban driving,0.01472994546,0.01365373269,0.01168571088,0.009610710268,0.009388437342,0.008938711558,0.008594257003,0.008099753978,0.00752302566,0.007518913474,0.00723947098,0.007328533952,0.007182410353,0.005825607603,0.005137478063,0.005523924531,0.005141831505,0.00598456729,0.005299999422,0.005409911006,0.005025695215,0.005050262933,0.004998745038,0.004666693673,0.004869756057,0.005049191784,0.005409600408,0.005259078231
Carbon,Transport,1A3biv,Road transport - motorcycle (>50cc  4st) - motorway driving,0.05853369478,0.05778320765,0.05847643216,0.05163939286,0.05292384985,0.05011670925,0.05411809099,0.06269888616,0.06693540592,0.07605088521,0.06879101196,0.06869578623,0.06637005508,0.06916810859,0.06444220109,0.06695495374,0.06878422032,0.06903457026,0.07249472466,0.06725351395,0.06339324921,0.06007138592,0.05516009603,0.05629644407,0.05532608274,0.05650688312,0.05680191667,0.05528786169
Carbon,Transport,1A3biv,Road transport - motorcycle (>50cc  4st) - rural driving,0.265291515,0.2826815851,0.2416225837,0.2170946891,0.2136131418,0.2096181568,0.211804912,0.2228203406,0.2269102587,0.257329183,0.2599214482,0.2574351257,0.2722688492,0.2764352471,0.2599988824,0.2632721255,0.2472647235,0.2450519749,0.2438933551,0.231146212,0.1972094119,0.2084808863,0.2060363297,0.2023887197,0.2090550819,0.2057416236,0.198412339,0.2025696867
Carbon,Transport,1A3biv,Road transport - motorcycle (>50cc  4st) - urban driving,0.3561173276,0.3242067707,0.2702081262,0.2180218705,0.2103996571,0.211962887,0.2278456214,0.2498399597,0.2584261002,0.278080554,0.2786232609,0.2924359391,0.3087461177,0.361414972,0.3243790383,0.3488321549,0.3180044449,0.360892449,0.3072755282,0.3136576812,0.2788202466,0.2659215469,0.2482220905,0.2259144416,0.2348249265,0.2428721841,0.2578659,0.2581014941
Carbon,Transport,1A3bv,Road transport - all vehicles LPG use,,,,,,,0.002910257516,0.005820515031,0.01172664605,0.02344934254,0.06427681583,0.1571989752,0.2530610172,0.3056896172,0.3276692989,0.3534136662,0.3701342251,0.3495689966,0.3653861565,0.31394041,0.3119090882,0.2883716712,0.2730397074,0.2759679893,0.2584011293,0.2407487605,0.2082641348,0.1984691246
Carbon,Transport,1A3bv,Road transport - all vehicles biofuels use,,,,,,,,,,,,,0.0003619688861,0.002591918427,0.002794530583,0.004375119414,0.02249079727,0.04618872733,0.1179622952,0.1389984607,0.1396641621,0.1231547664,0.116802133,0.1239109209,0.1270158347,0.09512592792,0.09994293138,0.09279878073
Carbon,Transport,1A3c,Rail - coal,,,,,,,,,,,,,,,,0.01098631674,0.05163568869,0.05163568869,0.05163568869,0.05150935014,0.0520052838,0.04229578667,0.04435509915,0.03774726315,0.035792445,0.035792445,0.041298975,0.041154825
Carbon,Transport,1A3c,Railways - freight,0.4956602882,0.5363292784,0.5610521288,0.4963117544,0.4645165296,0.4753891982,0.538156669,0.594689773,0.5779373474,0.5423760578,0.5364491762,0.5779373474,0.5275510167,0.5381976076,0.5794326481,0.602525695,0.5839865884,0.6022807924,0.5664666667,0.5511257589,0.558657004,0.5601618151,0.6123709402,0.596355802,0.590912116,0.5828876596,0.5554577284,0.5369343174
Carbon,Transport,1A3c,Railways - intercity,0.5059473571,0.5062336074,0.4993636008,0.5012242276,0.4873410894,0.5234071925,0.5335962709,0.5391996579,0.580467131,0.5995246794,0.6121341851,0.6246004009,0.6352038489,0.6393592542,0.6568406143,0.6637185265,0.6749101477,0.6387199728,0.6501753624,0.6547946761,0.6622452576,0.6477668978,0.6542909906,0.639179328,0.6552997006,0.6542802216,0.6576957136,0.6568118837
Carbon,Transport,1A3c,Railways - regional,0.4535735378,0.4538162795,0.4479904788,0.4495682998,0.4377953275,0.4711337571,0.4805392005,0.4853231762,0.5203182048,0.5364791034,0.5471720288,0.5574064332,0.5663982114,0.571692972,0.5882882107,0.5958916711,0.5933994343,0.6991291379,0.7130349429,0.7164738248,0.7134350696,0.7073333543,0.7111129242,0.725974664,0.7441905599,0.7430927926,0.7452112967,0.7453311801
Carbon,Transport,1A3d,Inland goods-carrying vessels,0.01224571543,0.01102114389,0.01204162017,0.01306209646,0.01449076326,0.01347028697,0.01163342966,0.009796572344,0.008776096058,0.008776096058,0.008772711323,0.00869689915,0.008082387387,0.006490682037,0.005304551391,0.006930487326,0.00725994061,0.006856055943,0.007529992533,0.006673281038,0.007054394986,0.007099374019,0.007467029079,0.01071806538,0.01011432203,0.007295794787,0.006926165724,0.006926165724
Carbon,Transport,1A3d,"Motorboats / workboats (e.g. canal boats, dredgers, service boats, tourist boats, river boats)",0.2528182952,0.2586909496,0.2728064392,0.2869219288,0.3022444202,0.3163599098,0.3304753994,0.3409698835,0.3514643677,0.3641867844,0.3758782141,0.3851556401,0.4156627797,0.4389279084,0.4597790334,0.4794231567,0.5038952872,0.5271604159,0.5504255446,0.5773116788,0.5876637332,0.588756995,0.5945510583,0.6065321868,0.6277721079,0.6499654919,0.6873806681,0.7156889064
Carbon,Transport,1A3d,Personal watercraft e.g. jet ski,0.0349583811,0.03654120289,0.0400203512,0.04349949951,0.04697864782,0.05045779613,0.05393694445,0.05741609276,0.06089524107,0.06437438938,0.06785353769,0.07133268601,0.07663137821,0.08193007041,0.08722876262,0.09252745482,0.09782614703,0.1031248392,0.1084235314,0.1137222236,0.1152122482,0.1142048595,0.1160932864,0.1173715885,0.1211473039,0.1264824795,0.1355979237,0.1425824849
Carbon,Transport,1A3d,Sailing boats with auxiliary engines,0.001875771479,0.001960701384,0.002147383003,0.002334064621,0.00252074624,0.002707427859,0.002894109478,0.003080791097,0.003267472716,0.003450156471,0.003636622023,0.003823087575,0.004107071895,0.004391056215,0.004675040535,0.004959024855,0.005243009175,0.005526993495,0.005810977815,0.006094962135,0.006174820256,0.006120829089,0.006222039649,0.006290550474,0.006492910587,0.006778850245,0.007267394044,0.007641732799
Carbon,Transport,1A3d,Shipping - coastal,7.241755026,7.158689892,7.081004304,7.157753075,8.139750609,8.487112222,8.557537116,8.30294864,8.521847732,8.656405513,7.883564332,7.422673303,7.574600682,7.143417013,6.971249163,6.835698147,6.349019569,6.409912425,6.052968417,5.798665961,5.458550087,5.111668568,4.600994256,4.213372014,4.342540775,4.654820308,4.550145047,4.420884805
Carbon,Transport,1A3d,Shipping between UK and Bermuda,0.003028138646,0.003037183734,0.00312358694,0.003154285712,0.003372864225,0.003384918853,0.003424561452,0.003713170912,0.003721604214,0.003764839905,0.005679829519,0.005017208107,0.0008027054588,0.002706420415,0.002984515576,,0.01075800113,0.04338432719,0.002303891482,,0.0009460824104,,0.000816577456,,,0.002570216119,0.003786954291,0.003277034369
Carbon,Transport,1A3d,Shipping between UK and CDs,0.02462835875,0.02440113428,0.0241995517,0.02429174074,0.02544382098,0.02632094537,0.0257983918,0.02541416255,0.02550130687,0.02556722431,0.02399056253,0.02381511461,0.02402986761,0.02412509886,0.02439779934,0.02501519007,0.02409341149,0.02441125497,0.02351495472,0.02315783952,0.02266227974,0.02231654385,0.0221472484,0.02155193194,0.02181339663,0.02148447047,0.02151170846,0.02157766611
Carbon,Transport,1A3d,Shipping between UK and Gibraltar,0.03442582749,0.03502403526,0.03498138195,0.03675827731,0.04009692773,0.03944296372,0.04034772289,0.04519140441,0.04722804735,0.04961336967,0.04908732486,0.04982882838,0.03637234971,0.04129947558,0.04112067669,0.0463966185,0.05256028271,0.03786167515,0.0581697107,0.05721988119,0.06249284893,0.06020155938,0.05294593111,0.0458279817,0.05667203938,0.05828210577,0.05060906921,0.04727772304
Carbon,Transport,1A3d,Shipping between UK and OTs (excl. Gib and Bermuda),0.005395592497,0.005411709199,0.005565664002,0.005620363633,0.006009830801,0.006031309957,0.00610194586,0.006616195443,0.006631222054,0.006708260194,0.006905524105,0.01038032488,0.006905524105,0.005919020661,0.01505073414,0.005919020661,,,0.004646822935,0.006152225924,0.001028782163,0.00476302982,0.003214761991,,0.001902683284,0.002854024927,0.03241948488,0.07787220227
Carbon,Transport,1A3eii,Aircraft - support vehicles,0.2247437546,0.2172734884,0.230147777,0.2358696831,0.2462009024,0.256214238,0.2689705854,0.2907872176,0.3149750386,0.3338252407,0.3566707259,0.3593355698,0.3731132824,0.3964589876,0.4276459895,0.452496056,0.4647646621,0.4772961031,0.4666629534,0.4387309988,0.423747989,0.4410084411,0.4435605546,0.4589517931,0.4788585126,0.5050306946,0.5473884032,0.5655258051
Carbon,Transport,1A4ai,Railways - stationary combustion,0.4814074149,0.462738645,0.4791380028,0.486001792,0.5089049961,0.5021546264,0.539693908,0.5163296421,0.5092090981,0.5003899943,0.4428393541,0.4514055135,0.3695191481,0.05502202997,0.04273527011,0.007055489649,0.004432711237,0.003828465754,0.003907759697,0.002987862084,0.003344843865,0.00266226639,0.002368150405,0.00189516958,0.00177692681,0.001318656992,0.002530300676,0.002046872921
Carbon,Transport,1A4ciii,Fishing vessels,1.1001905,1.078211068,1.108258605,1.159812954,1.160729356,1.209476941,1.137499667,1.055480046,1.018278155,0.9600616622,0.9738042037,0.9788788195,0.9896985716,1.012540127,1.043772568,1.042442228,1.051605776,1.147557669,1.073033243,0.9020151939,0.9603746841,0.9288269931,0.968264822,0.9037809514,1.044447006,1.042854812,0.8991105891,0.9470027211
Carbon,Transport,1A5b,Aircraft -  military,3.888143813,2.836375623,2.741378526,2.944938333,2.8517082,2.758478067,2.665247933,2.415794333,2.333903,2.200735093,1.987439667,2.069331,2.280358667,2.292866421,2.090404984,1.973876759,2.614965456,2.872898181,2.385062003,2.114369801,2.013997546,1.944115394,1.78852408,1.618199329,1.450728706,1.208982273,1.108984939,1.120112458
Carbon,Transport,1A5b,Shipping - naval,1.405293642,1.465023119,1.353713067,1.203367236,1.114930503,1.134654229,1.146767614,1.221007212,0.8644123927,0.9536499178,0.9335257957,0.8568457566,0.7801657176,0.8736658486,0.9671659797,0.8692859781,0.8482217632,0.8779664746,0.8687678461,0.8670544415,0.8811528877,0.8079819519,0.7342961232,0.6704985747,0.5713864365,0.4531120392,0.4380845435,0.4380845435
Carbon,Transport,2D1,Marine engines,0.03328521165,0.03247354996,0.03421737369,0.03564529559,0.03793617126,0.03458144222,0.03109777344,0.02968560157,0.02299218506,0.02193669884,0.01822535878,0.01834664327,0.01687414043,0.02371919666,0.01714003243,0.01328949527,0.01330504402,0.01164155136,0.005423188675,0.006003571662,0.008362277588,0.007155193194,0.004182208915,0.004770745176,0.004119686901,0.002698674763,0.002680666183,0.002953149066
Carbon,Transport,2D1,Road vehicle engines,0.1728061679,0.1732088111,0.1738185636,0.1743341466,0.1782804289,0.1818124462,0.1866833523,0.190595475,0.1941479186,0.1977927825,0.1976871818,0.2003742406,0.2050481982,0.2063477683,0.2097699145,0.2096786716,0.212776822,0.2146363883,0.2126187631,0.2107498441,0.207554445,0.2077786556,0.2069935047,0.2080307176,0.213214453,0.2167508713,0.2210439208,0.2239375865
Carbon,Transport,2D3,Road transport - urea,,,,,,,,,,,,,,,,,0.001795956978,0.008448978564,0.01526278295,0.02061994433,0.02775148051,0.03445832435,0.04159923642,0.04819659473,0.05309859973,0.05832597151,0.06202079304,0.06358754882
Carbon,Waste Management,5C1.2a,Incineration,0.6107399098,0.5938797477,0.6124462745,0.5739095946,0.3856552989,0.3638861193,0.3906358632,0.007264387628,0.007696881049,0.007391210016,0.009378671117,0.00004155025048,0.0000376219809,0.00003344755441,0.00002982068113,0.00002656063135,0.00002192190137,0.00001885399859,0.00001531627349,0.00001084849319,0.000007580370971,0.000004023483689,,,,,,
Carbon,Waste Management,5C1.2b,Incineration - chemical waste,0.3817809757,0.3817809757,0.3817809757,0.3817809757,0.3809033183,0.3800256609,0.3791480034,0.378270346,0.3773926886,0.3192444021,0.304333117,0.3213788582,0.2955289288,0.3070449433,0.3006384121,0.2759245559,0.1918241046,0.2499955292,0.1991107786,0.1690570598,0.1685626407,0.1717562439,0.1705650936,0.1716926542,0.1740055347,0.1639767946,0.1832963481,0.1744543377
Carbon,Waste Management,5C1.2b,Incineration - clinical waste,0.3081854054,0.3081854054,0.2905836454,0.2729836454,0.2553810054,0.2377766054,0.2201783654,0.2025783654,0.2078566054,0.2131366054,0.2184166054,0.2236859328,0.2289659328,0.194780445,0.1604885616,0.1262753573,0.09217033672,0.09886754592,0.1012511064,0.1076707503,0.1024521872,0.09470955648,0.09426788167,0.08978933092,0.09217036708,0.08475889615,0.08390622636,0.08445184396
